{
    "groups": [
        {
            "name": "ALE Engine Team",
            "members": [
                {
                    "name": "AlejoGDOfficial",
                    "icon": "alejoGDOfficial",
                    "description": "Main Programmer and Head",
                    "color": "03B1FC"
                },
                {
                    "name": "AdrianoSH",
                    "icon": "adrianoSH",
                    "description": "Artist",
                    "color": "909090"
                },
                {
                    "name": "Aleja",
                    "icon": "aleja",
                    "description": "Artist, Voice Actress",
                    "color": "404040"
                },
                {
                    "name": "VALEN.fla",
                    "icon": "valen",
                    "description": "Crash Handler Theme Composer",
                    "color": "907050"
                },
                {
                    "name": "Khorix the Inking",
                    "icon": "khorixTheInking",
                    "description": "Artist/Animator",
                    "color": "494F75"
                },
                {
                    "name": "Eddy Smashcraft",
                    "icon": "eddySmashcraft",
                    "description": "Helped with the Translations into Spanish",
                    "color": "5D4FBC"
                }
            ]
        },
        {
            "name": "ALE Engine Contributors",
            "members": [
                {
                    "name": "Slushi",
                    "icon": "slushi",
                    "description": "C++ Functions",
                    "color": "03F2FF"
                },
                {
                    "name": "Karim Akra",
                    "icon": "karim",
                    "description": "Psych Engine Porter (Android)\nHelped Port the Engine to Android",
                    "color": "FFB4F0"
                },
                {
                    "name": "mcagabe19",
                    "icon": "lily",
                    "description": "Psych Engine Porter (Android)\nHelped Port the Engine to Android",
                    "color": "FFE7C0"
                },
                {
                    "name": "T-Bar",
                    "icon": "tbar",
                    "description": "Flx3D",
                    "color": "0077CC"
                },
                {
                    "name": "YoshiCrafter29",
                    "icon": "yoshicrafter29",
                    "description": "Code for the Crash Handler",
                    "color": "FF95C0"
                },
                {
                    "name": "MAJigsaw77",
                    "icon": "majigsaw",
                    "description": "Code for the Crash Handler",
                    "color": "5F5F5F"
                }
            ]
        },
        {
            "name": "Psych Engine Team",
            "members": [
                {
                    "name": "Shadow Mario",
                    "icon": "shadowMario",
                    "description": "Main Programmer and Head",
                    "color": "444444"
                },
                {
                    "name": "Riveren",
                    "icon": "riveren",
                    "description": "Main Artist/Animator",
                    "color": "14967B"
                }
            ]
        },
        {
            "name": "Former Psych Engine Members",
            "members": [
                {
                    "name": "bb-panzu",
                    "icon": "bb",
                    "description": "Ex-Programmer of Psych Engine",
                    "color": "3E813A"
                }
            ]
        },
        {
            "name": "Psych Engine Contributors",
            "members": [
                {
                    "name": "CrowPlexus",
                    "icon": "crowplexus",
                    "description": "Input System v3, Major Help and Other PRs",
                    "color": "A1A1A1"
                },
                {
                    "name": "Keoiki",
                    "icon": "keoiki",
                    "description": "Note Splash Animations and Latin Alphabet",
                    "color": "D2D2D2"
                },
                {
                    "name": "SqirraRNG",
                    "icon": "sqirra",
                    "description": "Crash Handler and Base code for\nChart Editor's Waveform",
                    "color": "E1843A"
                },
                {
                    "name": "EliteMasterEric",
                    "icon": "mastereric",
                    "description": "Runtime Shaders support",
                    "color": "FFBD40"
                },
                {
                    "name": "PolybiusProxy",
                    "icon": "proxy",
                    "description": "MP4 Video Loader Library (hxCodec)",
                    "color": "DCD294"
                },
                {
                    "name": "Tahir",
                    "icon": "tahir",
                    "description": "Implementing & Maintaining SScript and Other PRs",
                    "color": "A04397"
                },
                {
                    "name": "iFlicky",
                    "icon": "flicky",
                    "description": "Composer of Psync and Tea Time\nMade the Dialogue Sounds",
                    "color": "9E29CF"
                },
                {
                    "name": "KadeDev",
                    "icon": "kade",
                    "description": "Fixed some issues on Chart Editor and Other PRs",
                    "color": "64A250"
                },
                {
                    "name": "superpowers04",
                    "icon": "superpowers04",
                    "description": "LUA JIT Fork",
                    "color": "B957ED"
                },
                {
                    "name": "CheemsAndFriends",
                    "icon": "cheems",
                    "description": "Creator of FlxAnimate",
                    "color": "A1A1A1"
                }
            ]
        },
        {
            "name": "Funkin' Crew",
            "members": [
                {
                    "name": "ninjamuffin99",
                    "icon": "ninjamuffin99",
                    "description": "Programmer of Friday Night Funkin'",
                    "color": "CF2D2D"
                },
                {
                    "name": "PhantomArcade",
                    "icon": "phantomarcade",
                    "description": "Animator of Friday Night Funkin'",
                    "color": "FADC45"
                },
                {
                    "name": "evilsk8r",
                    "icon": "evilsk8r",
                    "description": "Artist of Friday Night Funkin'",
                    "color": "5ABD4B"
                },
                {
                    "name": "kawaisprite",
                    "icon": "kawaisprite",
                    "description": "Composer of Friday Night Funkin'",
                    "color": "378FC7"
                }
            ]
        }
    ]
}