{
    "developerMode" : true,

    "initialState": "introState",
    "fromPlayStateIfStoryMode": "storyMenuState",
    "fromPlayStateIfFreeplay": "freeplayState",
    "fromEditors": "masterEditorMenu",
    "optionsState": "optionsState",
    "pauseMenu": "pauseSubstate",
    "gameOverScreen": "gameOverSubstate",
    "crashState": "crashState",
    "transition": "fadeTransition",

    "removeDefaultWeeks": false,

    "title": "My Mod",
    "icon": "fnfIcon",

    "discordID": "1309982575368077416",

    "bpm": 102,
    "crashStateBpm": 90
}