{
    "menus": [
        {
            "name": "Note Colors",
            "stateData": {
                "script": false,
                "subState": "options.NotesSubState"
            }
        },
        {
            "name": "Controls",
            "stateData": {
                "script": false,
                "subState": "options.ControlsSubState"
            }
        },
        {
            "name": "Delay and Combo",
            "stateData": {
                "script": false,
                "state": "options.NoteOffsetState"
            }
        },
        {
            "name": "Graphics",
            "options": [
                {
                    "name": "Low Quality",
                    "description": "If checked, disables some background details, decreases loading times and improves performance.",
                    "variable": "lowQuality",
                    "type": "bool",
                    "default": false
                },
                {
                    "name": "Anti-Aliasing",
                    "description": "If unchecked, disables anti-aliasing, increases performance at the cost of sharper visuals.",
                    "variable": "antialiasing",
                    "type": "bool",
                    "default": true
                },
                {
                    "name": "Shaders",
                    "description": "If unchecked, disables shaders. It's used for some visual effects, and also CPU intensive for weaker PCs.",
                    "variable": "shaders",
                    "type": "bool",
                    "default": true
                },
                {
                    "name": "GPU Caching",
                    "description": "If checked, allows the GPU to be used for caching textures, decreasing RAM usage. Don't turn this on if you have a shitty Graphics Card.",
                    "variable": "cacheOnGPU",
                    "type": "bool",
                    "default": false
                },
                {
                    "name": "Framerate",
                    "description": "Pretty self explanatory, isn't it?",
                    "variable": "framerate",
                    "type": "integer",
                    "min": 60,
                    "max": 240,
                    "change": 1,
                    "default": 60
                }
            ]
        },

        {
            "name": "Visuals and UI",
            "options": [
                {
                    "name": "Note Splash Opacity",
                    "description": "How much transparent should the Note Splashes be.",
                    "variable": "splashAlpha",
                    "type": "integer",
                    "min": 0,
                    "max": 100,
                    "change": 1,
                    "default": 60
                },
                {
                    "name": "Flashing Lights",
                    "description": "Uncheck this if you're sensitive to flashing lights!",
                    "variable": "flashing",
                    "type": "bool",
                    "default": true
                },
                {
                    "name": "Camera Zooms",
                    "description": "If unchecked, the camera won't zoom in on a beat hit.",
                    "variable": "camZooms",
                    "type": "bool",
                    "default": true
                },
                {
                    "name": "FPS Counter",
                    "description": "If unchecked, hides FPS Counter.",
                    "variable": "showFPS",
                    "type": "bool",
                    "default": true
                },
                {
                    "name": "Pause Screen Song",
                    "description": "What song do you prefer ot the Pause Screen?",
                    "variable": "pauseMusic",
                    "type": "string",
                    "strings": [
                        "None",
                        "Breakfast",
                        "Tea Time"
                    ],
                    "default": "Breakfast"
                },
                {
                    "name": "Check for Updates",
                    "description": "Turn this on to check for updates when you start the game.",
                    "variable": "checkForUpdates",
                    "type": "bool",
                    "default": true
                },
                {
                    "name": "Discord Rich Presence",
                    "description": "Uncheck this to prevent accidental leaks, it will hide the Application from your \"Playing\" box on Discord.",
                    "variable": "discordRPC",
                    "type": "bool",
                    "default": true
                },
                {
                    "name": "Combo Stacking",
                    "description": "If unchecked, Ratings and Combo won't stack, saving on System Memory and making them easier to read.",
                    "variable": "comboStacking",
                    "type": "bool",
                    "default": true
                }
            ]
        },

        {
            "name": "Gameplay",
            "options": [
                {
                    "name": "Downscroll",
                    "description": "If checked, notes go Down instead of Up, simple enough.",
                    "variable": "downScroll",
                    "type": "bool",
                    "default": false
                },
                {
                    "name": "Ghost Tapping",
                    "description": "If checked, you won't get misses from pressing keys while there are no notes able to hit.",
                    "variable": "ghostTapping",
                    "type": "bool",
                    "default": true
                },
                {
                    "name": "Disable Reset Button",
                    "description": "If checked, pressing Reset won't do anything.",
                    "variable": "noReset",
                    "type": "bool",
                    "default": false
                },
                {
                    "name": "Rating Offset",
                    "description": "Changes how late/early you have to hit for a \"Sick!!\" Higher values mean you have to hit later.",
                    "variable": "ratingOffset",
                    "type": "integer",
                    "min": -30,
                    "max": 30,
                    "change": 1,
                    "default": 0
                },
                {
                    "name": "Sick!! Hit Window",
                    "description": "Changes the amount of time you have\nfor hitting a \"Sick!!\" in milliseconds.",
                    "variable": "sickWindow",
                    "type": "integer",
                    "min": 15,
                    "max": 45,
                    "change": 1,
                    "default": 45
                },
                {
                    "name": "Good! Hit Window",
                    "description": "Changes the amount of time you have\nfor hitting a \"Good!\" in milliseconds.",
                    "variable": "goodWindow",
                    "type": "integer",
                    "min": 45,
                    "max": 90,
                    "change": 1,
                    "default": 90
                },
                {
                    "name": "Bad Hit Window",
                    "description": "Changes the amount of time you have\nfor hitting a \"Bad\" in milliseconds.",
                    "variable": "badWindow",
                    "type": "integer",
                    "min": 90,
                    "max": 135,
                    "change": 1,
                    "default": 135
                },
                {
                    "name": "Safe Frames",
                    "description": "Changes how many frames you have for hitting a note earlier or late.",
                    "variable": "safeFrames",
                    "type": "float",
                    "min": 2,
                    "max": 10,
                    "change": 0.1,
                    "decimals": 1,
                    "default": 10
                }
            ]
        },
        {
            "name": "Options Example",
            "options": [
                {
                    "name": "Bool Example",
                    "description": "Uses Bools.",
                    "variable": "boolExample",
                    "type": "bool",
                    "default": true
                },
                {
                    "name": "Integer Example",
                    "description": "Uses Integers.",
                    "variable": "integerExample",
                    "type": "integer",
                    "min": 0,
                    "max": 10,
                    "change": 1,
                    "default": 0
                },
                {
                    "name": "Float Example",
                    "description": "Uses Floats.",
                    "variable": "floatExample",
                    "type": "float",
                    "min": 0,
                    "max": 10,
                    "change": 0.1,
                    "decimals": 2,
                    "default": 0
                },
                {
                    "name": "String Example",
                    "description": "Uses Strings.",
                    "variable": "stringExample",
                    "type": "string",
                    "strings": [
                        "String 1",
                        "String 2",
                        "String 3"
                    ],
                    "default": "String 1"
                },
                {
                    "name": "Locked Example",
                    "description": "Cannot be Changed.",
                    "variable": "stringExample",
                    "type": "string",
                    "strings": [
                        "Example 1",
                        "Example 2",
                        "Example 3"
                    ],
                    "default": "String 1",
                    "blocked": true
                }
            ]
        },
        {
            "name": "State Example",
            "stateData": {
                "state": "gameplay.states.editors.ChartingState"
            }
        },
        {
            "name": "Script State Example",
            "stateData": {
                "state": "introState",
                "script": true
            }
        },
        {
            "name": "SubState Example",
            "stateData": {
                "subState": "gameplay.states.substates.ModsMenuSubState"
            }
        },
        {
            "name": "Script SubState Example",
            "stateData": {
                "subState": "pauseSubstate",
                "script": true
            }
        }
    ]
}