{
    "groups": [
        {
            "name": "ALE Engine Team",
            "members": [
                {
                    "name": "AlejoGDOfficial",
                    "icon": "alejoGDOfficial",
                    "description": "Main Programmer and Head",
                    "color": "03B1FC"
                },
                {
                    "name": "Khorix the Inking",
                    "icon": "khorixTheInking",
                    "description": "Main Artist/Animator",
                    "color": "494F75"
                },
                {
                    "name": "Aleja",
                    "icon": "aleja",
                    "description": "Voice Actress",
                    "color": "404040"
                },
                {
                    "name": "AdrianoSH",
                    "icon": "adrianoSH",
                    "description": "Pixelart Artist",
                    "color": "909090"
                },
                {
                    "name": "Eddy Smashcraft",
                    "icon": "eddySmashcraft",
                    "description": "Helped with the Translations into Spanish",
                    "color": "5D4FBC"
                }
            ]
        },
        {
            "name": "ALE Engine Contributors",
            "members": [
                {
                    "name": "Slushi",
                    "icon": "slushi",
                    "description": "C++ Functions",
                    "color": "03F2FF"
                }
            ]
        },
        {
            "name": "Psych Engine Team",
            "members": [
                {
                    "name": "Shadow Mario",
                    "icon": "shadowMario",
                    "description": "Main Programmer and Head",
                    "color": "444444"
                },
                {
                    "name": "Riveren",
                    "icon": "riveren",
                    "description": "Main Artist/Animator",
                    "color": "14967B"
                }
            ]
        }
    ]
}